ID,Name,Center,CategoryId,CategoryName,SellingPrice,CostPrice,QtyInStock,QtyReceived,BarVisible,RestaurantVisible,COSPercent,GPAmount,GPPercent,Notes,TotalValue,TotalCost,Margin
ITEM_1773159790703,1/4 Chicken,restaurant,CAT_1773150367197,Mains,4,0,0,0,No,Yes,0,0,0,,0,0,0
ITEM_1773168615340,1/4 Chicken & Chips,restaurant,CAT_1773150367197,Mains,6,0,0,0,No,Yes,0,0,0,,0,0,0
ITEM_1775477712448,Absolate Vodka,bar,CAT_1775468765787,Vodka,3,0,0,0,Yes,No,0,0,0,,0,0,0
ITEM_1775473073791,Amarula,bar,CAT_1775468495268,Liqueur,2,0,0,0,Yes,No,0,0,0,,0,0,0
ITEM_1775471927235,Amstel Lager,bar,CAT_1775468441296,Imported Beers,2,0,0,0,Yes,No,0,0,0,,0,0,0
ITEM_1775476324593,Barcardi Dark Rum,bar,CAT_1775468644566,Rum,2,0,0,0,Yes,No,0,0,0,,0,0,0
ITEM_1775479333551,Barcardi Gold Rum,bar,CAT_1775468644566,Rum,2,0,0,0,Yes,No,0,0,0,,0,0,0
ITEM_1773169659038,Beef Burger,restaurant,CAT_1773150367197,Mains,8,0,0,0,No,Yes,0,0,0,,0,0,0
ITEM_1775465346347,Belgravia Dry lemon,bar,CAT_1775468392932,Coolers,2.5,0,0,0,Yes,No,0,0,0,,0,0,0
ITEM_1775465458659,Belgravia Dry Lemon,bar,CAT_1775468392932,Coolers,2.5,0,0,0,Yes,No,0,0,0,,0,0,0
ITEM_1775473616269,Black Label Bottle,bar,CAT_1775468530499,Local Beers,2,0,0,0,Yes,No,0,0,0,,0,0,0
ITEM_1775475912693,Bon Courage Cabernet Savignon,bar,CAT_1775468591726,Red Wines,25,0,0,0,Yes,No,0,0,0,,0,0,0
ITEM_1775727530689,Braai ( Pork Chop & Tbone),restaurant,CAT_1773150367197,Mains,5,0,0,0,No,Yes,0,0,0,,0,0,0
ITEM_1775726231166,Braai (Chicken & Pork Chops),restaurant,CAT_1773150367197,Mains,5,0,0,0,No,Yes,0,0,0,,0,0,0
ITEM_1775726076465,Braai (Tbone and Sausage),restaurant,CAT_1773150367197,Mains,5,0,0,0,No,Yes,0,0,0,,0,0,0
ITEM_1775725714210,Bream Cutlets,restaurant,CAT_1773150367197,Mains,6,0,0,0,No,Yes,0,0,0,,0,0,0
ITEM_1775466534321,Brutal Fruit Can,bar,CAT_1775468392932,Coolers,2.5,0,0,0,Yes,No,0,0,0,,0,0,0
ITEM_1775476393240,Captain Morgan Spiced Rum,bar,CAT_1775468644566,Rum,2,0,0,0,Yes,No,0,0,0,,0,0,0
ITEM_1775473740555,Castle Lager,bar,CAT_1775468530499,Local Beers,2,0,0,0,Yes,No,0,0,0,,0,0,0
ITEM_1775473801973,Castle Lite Can,bar,CAT_1775468530499,Local Beers,2,0,0,0,Yes,No,32.5,1.35,67.5,,0,0,0
ITEM_1773159849137,Castle Pint,bar,CAT_1775468530499,Local Beers,2,0,0,0,Yes,No,28,1.44,72,,0,0,0
ITEM_1773156764642,Coke,bar,CAT_1775468724190,Soft Drinks,1,0,0,0,Yes,No,43,0.57,57,,0,0,0
ITEM_1775476966746,Coke Can,bar,CAT_1775468724190,Soft Drinks,1,0,0,0,Yes,No,46,0.54,54,,0,0,0
ITEM_1773168691491,Coke Can,bar,CAT_1775468724190,Soft Drinks,1,0,0,0,Yes,No,43,0.57,57,,0,0,0
ITEM_1775477211309,Coke Zero,bar,CAT_1775468724190,Soft Drinks,1,0,0,0,Yes,No,46,0.54,54,,0,0,0
ITEM_1775472528019,Corona Extra,bar,CAT_1775468441296,Imported Beers,3,0,0,0,Yes,No,37.33,1.88,62.67,,0,0,0
ITEM_1775477083637,Creamsoda Can,bar,CAT_1775468724190,Soft Drinks,1,0,0,0,Yes,No,43,0.57,57,,0,0,0
ITEM_1775475672631,Diemersfontein Shiraz,bar,CAT_1775468591726,Red Wines,30,0,0,0,Yes,No,31.57,20.53,68.43,,0,0,0
ITEM_1773156811910,Fanta,bar,CAT_1775468724190,Soft Drinks,1,0,0,0,Yes,No,43,0.57,57,,0,0,0
ITEM_1775419936620,Fanta can,bar,CAT_1773150455368,Soft Drinks,1,0,0,0,Yes,No,43,0.57,57,,0,0,0
ITEM_1775476910115,Fanta Grape Can,bar,CAT_1775468724190,Soft Drinks,1,0,0,0,Yes,No,46,0.54,54,,0,0,0
ITEM_1775472127454,Flyfish,bar,CAT_1775468441296,Imported Beers,2,0,0,0,Yes,No,65,0.7,35,,0,0,0
ITEM_1775479108414,Four Cousins Natuarl Sweet Rose,bar,CAT_1775468622911,Rose Wines,20,0,0,0,Yes,No,28,14.4,72,,0,0,0
ITEM_1775476013059,Four Cousins Rose,bar,CAT_1775468622911,Rose Wines,20,0,0,0,Yes,No,28,14.4,72,,0,0,0
ITEM_1775475590004,Four Cousins Sweet Red,bar,CAT_1775468591726,Red Wines,20,0,0,0,Yes,No,28,14.4,72,,0,0,0
ITEM_1775725880844,Gango,restaurant,CAT_1773150367197,Mains,6,0,0,0,No,No,0,0,0,,0,0,0
ITEM_1775474125015,Ginger Ale,bar,CAT_1775468564094,Mixers,1,0,0,0,Yes,No,49,0.51,51,,0,0,0
ITEM_1775475725974,Glen Carlou Pinot Noir,bar,CAT_1775468591726,Red Wines,40,0,0,0,Yes,No,35.6,25.76,64.4,,0,0,0
ITEM_1775478451713,Glenfidich 12 yrs,bar,CAT_1773150520728,Whiskey,5,0,0,0,Yes,No,38,3.1,62,,0,0,0
ITEM_1775725102624,Goat Meat,restaurant,CAT_1773150367197,Mains,6,0,0,0,No,Yes,39.67,3.62,60.33,,0,0,0
ITEM_1775473527217,Golden Pilsner,bar,CAT_1775468530499,Local Beers,2,0,0,0,Yes,No,32.5,1.35,67.5,,0,0,0
ITEM_1775471692635,Gordons Gin,bar,CAT_1775468420397,Gin,2,0,0,0,Yes,No,16.5,1.67,83.5,,0,0,0
ITEM_1775478215694,Grants Whiskey,bar,CAT_1773150520728,Whiskey,2,0,0,0,Yes,No,26,1.48,74,,0,0,0
ITEM_1773169597824,Hake Fillet,restaurant,CAT_1773150367197,Mains,10,0,0,0,No,Yes,30,7,70,,0,0,0
ITEM_1775472342450,Hansa Pilsner,bar,CAT_1775468441296,Imported Beers,2,0,0,0,Yes,No,65,0.7,35,,0,0,0
ITEM_1775472466707,Heinken Origional,bar,CAT_1775468441296,Imported Beers,3,0,0,0,Yes,No,38.33,1.85,61.67,,0,0,0
ITEM_1775471840039,Heinken Silver,bar,CAT_1775468441296,Imported Beers,3,0,0,0,Yes,No,45,1.65,55,,0,0,0
ITEM_1775464719201,Hunters Dry,bar,CAT_1775468367784,Ciders,2,0,0,0,Yes,No,45,1.1,55,,0,0,0
ITEM_1775464803101,Hunters Gold,bar,CAT_1775468367784,Ciders,2,0,0,0,Yes,No,45,1.1,55,,0,0,0
ITEM_1775475859743,Inkara Merlot,bar,CAT_1775468591726,Red Wines,40,0,0,0,Yes,No,40.15,23.94,59.85,,0,0,0
ITEM_1775473271118,Jagermeister,bar,CAT_1775468495268,Liqueur,2,0,0,0,Yes,No,47.5,1.05,52.5,,0,0,0
ITEM_1775478139883,Jameson Irish Whiskey,bar,CAT_1773150520728,Whiskey,3,0,0,0,Yes,No,29,2.13,71,,0,0,0
ITEM_1775477387014,JC Le Roux Le Domain,bar,CAT_1775468744538,Sparkling Wines,25,0,0,0,Yes,No,21.68,19.58,78.32,,0,0,0
ITEM_1775478309204,John Walker Black,bar,CAT_1773150520728,Whiskey,3,0,0,0,Yes,No,44,1.68,56,,0,0,0
ITEM_1775478387264,John Walker Red,bar,CAT_1773150520728,Whiskey,2,0,0,0,Yes,No,32,1.36,68,,0,0,0
ITEM_1775472904396,Juices,bar,CAT_1775468467033,Juices,5,0,0,0,Yes,No,39.2,3.04,60.8,,0,0,0
ITEM_1775469843676,Klipdrft,bar,CAT_1775469148793,Brandy,2,0,0,0,Yes,No,18,1.64,82,,0,0,0
ITEM_1775474213292,Lemonade,bar,CAT_1775468564094,Mixers,1,0,0,0,Yes,No,49,0.51,51,,0,0,0
ITEM_1775725336218,Maguru NeMatumbu,restaurant,CAT_1773150367197,Mains,6,0,0,0,No,Yes,38.33,3.7,61.67,,0,0,0
ITEM_1775727820993,Mapfunde (Sadza),restaurant,CAT_1773150397389,Ala-Carte,3,0,0,0,No,Yes,10,2.7,90,,0,0,0
ITEM_1775478698542,Mapfura Wine,bar,CAT_1775468856763,White Wine,10,0,0,0,Yes,No,50,5,50,,0,0,0
ITEM_1775725447342,Mazondo,restaurant,CAT_1773150367197,Mains,6,0,0,0,No,Yes,38.33,3.7,61.67,,0,0,0
ITEM_1775727769193,Mhunga (Sadza),restaurant,CAT_1773150397389,Ala-Carte,3,0,0,0,No,Yes,10,2.7,90,,0,0,0
ITEM_1775477895122,Mineral Water  Bonaqua,bar,CAT_1775468812134,Water,1,0,0,0,Yes,No,17,0.83,83,,0,0,0
ITEM_1775477955722,Mineral Water Aquaclear,bar,CAT_1775468812134,Water,1,0,0,0,Yes,No,13,0.87,87,,0,0,0
ITEM_1775476797227,Minute Maid,bar,CAT_1775468724190,Soft Drinks,2,0,0,0,Yes,No,36.5,1.27,63.5,,0,0,0
ITEM_1775475183844,Moet & Chandon Brut,bar,CAT_1775468232649,Champaign,200,0,0,0,Yes,No,31.17,137.66,68.83,,0,0,0
ITEM_1775727898755,Mupunga Une Dovi,restaurant,CAT_1773150397389,Ala-Carte,3,0,0,0,No,Yes,16.67,2.5,83.33,,0,0,0
ITEM_1775725404597,Musoro Wemombe,restaurant,CAT_1773150367197,Mains,5,0,0,0,No,Yes,39.2,3.04,60.8,,0,0,0
ITEM_1775475525022,Nederburg Cabernet Sauvignon,bar,CAT_1775468591726,Red Wines,25,0,0,0,Yes,No,21.84,19.54,78.16,,0,0,0
ITEM_1775478546690,Nederburg Chadonnay,bar,CAT_1775468856763,White Wine,20,0,0,0,Yes,No,29.6,14.08,70.4,,0,0,0
ITEM_1775475963871,Nederburg Rose,bar,CAT_1775468622911,Rose Wines,20,0,0,0,Yes,No,17,16.6,83,,0,0,0
ITEM_1775725928775,Oxtail,restaurant,CAT_1773150367197,Mains,6,0,0,0,No,Yes,46.33,3.22,53.67,,0,0,0
ITEM_1775477133818,Pinut Can,bar,CAT_1775468724190,Soft Drinks,1,0,0,0,Yes,No,46,0.54,54,,0,0,0
ITEM_1775727995149,Plain Chips,restaurant,CAT_1773150397389,Ala-Carte,3,0,0,0,No,Yes,10,2.7,90,,0,0,0
ITEM_1775727953573,Plain Rice,restaurant,CAT_1773150397389,Ala-Carte,1,0,0,0,No,Yes,20,0.8,80,,0,0,0
ITEM_1775725815065,Pork Head,restaurant,CAT_1773150367197,Mains,5,0,0,0,No,Yes,24,3.8,76,,0,0,0
ITEM_1775476619491,Potato Crispies Small,bar,CAT_1775468694509,Snacks,1,0,0,0,Yes,No,43,0.57,57,,0,0,0
ITEM_1775725218717,Roadrunner,restaurant,CAT_1773150367197,Mains,7,0,0,0,No,Yes,31.43,4.8,68.57,,0,0,0
ITEM_1775476723232,Roasted Nuts - Tub 50g,bar,CAT_1775468694509,Snacks,1,0,0,0,Yes,No,15,0.85,85,,0,0,0
ITEM_1775475437462,Robertson Sweet Red,bar,CAT_1775468591726,Red Wines,20,0,0,0,Yes,No,27.5,14.5,72.5,,0,0,0
ITEM_1775728042143,Sadza Plain White,restaurant,CAT_1773150397389,Ala-Carte,1,0,0,0,No,Yes,20,0.8,80,,0,0,0
ITEM_1775466416993,Savanna Angry Lemon,bar,CAT_1775468367784,Ciders,2.5,0,0,0,Yes,No,60,1,40,,0,0,0
ITEM_1775465999191,Savanna Dry,bar,CAT_1775468367784,Ciders,2.5,0,0,0,Yes,No,37.6,1.56,62.4,,0,0,0
ITEM_1775475791684,Simonsig Pinotage,bar,CAT_1775468591726,Red Wines,30,0,0,0,Yes,No,34.27,19.72,65.73,,0,0,0
ITEM_1775477779952,Sminorff Vodka,bar,CAT_1775468765787,Vodka,2,0,0,0,Yes,No,13,1.74,87,,0,0,0
ITEM_1775474257371,Soda Water,bar,CAT_1775468564094,Mixers,1,0,0,0,Yes,No,57,0.43,43,,0,0,0
ITEM_1775473334011,Southern Comfort Original,bar,CAT_1775468495268,Liqueur,2,0,0,0,Yes,No,29,1.42,71,,0,0,0
ITEM_1773159703334,Sprite,bar,CAT_1775468724190,Soft Drinks,1,0,0,0,Yes,No,30,0.7,70,,0,0,0
ITEM_1775476859231,Sprite Can,bar,CAT_1775468724190,Soft Drinks,1,0,0,0,Yes,No,46,0.54,54,,0,0,0
ITEM_1775477025861,Stoney Ginger Beer,bar,CAT_1775468724190,Soft Drinks,1,0,0,0,Yes,No,46,0.54,54,,0,0,0
ITEM_1775473194008,Strawbery Lips,bar,CAT_1775468495268,Liqueur,2,0,0,0,Yes,No,29,1.42,71,,0,0,0
ITEM_1775471505232,Tanqueray Gin,bar,CAT_1775468420397,Gin,3,0,0,0,Yes,No,24.33,2.27,75.67,,0,0,0
ITEM_1775478809854,The Game Reserve Melort,bar,CAT_1775468591726,Red Wines,50,0,0,0,Yes,No,14.26,42.87,85.74,,0,0,0
ITEM_1775474073051,Tonic Water,bar,CAT_1775468564094,Mixers,1,0,0,0,Yes,No,49,0.51,51,,0,0,0
ITEM_1775725751788,Trotters,restaurant,CAT_1773150367197,Mains,6,0,0,0,No,Yes,36.83,3.79,63.17,,0,0,0
ITEM_1775725274463,Tsuro,restaurant,CAT_1773150367197,Mains,6,0,0,0,No,Yes,35,3.9,65,,0,0,0
ITEM_1775470812476,Veuve Clicquot,bar,CAT_1775468232649,Champaign,200,0,0,0,Yes,No,34.5,131,65.5,,0,0,0
ITEM_1775469919808,Viceroy,bar,CAT_1775469148793,Brandy,2,0,0,0,Yes,No,15,1.7,85,,0,0,0
ITEM_1775469655057,Wellington Brandy,bar,CAT_1775469148793,Brandy,1,0,0,0,Yes,No,30,0.7,70,,0,0,0
ITEM_1775471601607,Whitestone Gin,bar,CAT_1775468420397,Gin,2,0,0,0,Yes,No,62,0.76,38,,0,0,0
ITEM_1775725654146,Whole Bream,restaurant,CAT_1773150367197,Mains,8,0,0,0,No,Yes,31.62,5.47,68.38,,0,0,0
ITEM_1775472391682,Windhoek Draught,bar,CAT_1775468441296,Imported Beers,3,0,0,0,Yes,No,52,1.44,48,,0,0,0
ITEM_1775472010211,Windhoek Lager,bar,CAT_1775468441296,Imported Beers,3,0,0,0,Yes,No,44.67,1.66,55.33,,0,0,0
ITEM_1775473678015,Zambezi Can,bar,CAT_1775468530499,Local Beers,2,0,0,0,Yes,No,32.5,1.35,67.5,,0,0,0
ITEM_1775725495674,Zinyenze,restaurant,CAT_1773150367197,Mains,6,0,0,0,No,Yes,37.5,3.75,62.5,,0,0,0
ITEM_1775727732153,Zviyo (Sadza),restaurant,CAT_1773150397389,Ala-Carte,3,0,0,0,No,Yes,10,2.7,90,,0,0,0
